areaCode,areaName,areaType,date,newAdmissions,newCasesBySpecimenDate,newDailyNsoDeathsByDeathDate
E92000001,England,nation,2023-02-22,,1996,
E92000001,England,nation,2023-02-21,,3282,
E92000001,England,nation,2023-02-20,983,3951,
E92000001,England,nation,2023-02-19,912,3235,
E92000001,England,nation,2023-02-18,749,2714,
E92000001,England,nation,2023-02-17,785,3603,
E92000001,England,nation,2023-02-16,959,3870,
E92000001,England,nation,2023-02-15,978,3808,
E92000001,England,nation,2023-02-14,912,4286,
E92000001,England,nation,2023-02-13,949,4503,
E92000001,England,nation,2023-02-12,866,2904,
E92000001,England,nation,2023-02-11,743,2369,
E92000001,England,nation,2023-02-10,643,2998,
E92000001,England,nation,2023-02-09,818,3003,
E92000001,England,nation,2023-02-08,768,3295,
E92000001,England,nation,2023-02-07,817,3368,
E92000001,England,nation,2023-02-06,825,3606,
E92000001,England,nation,2023-02-05,747,2604,
E92000001,England,nation,2023-02-04,668,2215,
E92000001,England,nation,2023-02-03,573,2730,
E92000001,England,nation,2023-02-02,713,2947,
E92000001,England,nation,2023-02-01,780,3196,
E92000001,England,nation,2023-01-31,752,3268,
E92000001,England,nation,2023-01-30,741,3264,
E92000001,England,nation,2023-01-29,705,2247,
E92000001,England,nation,2023-01-28,562,1790,
E92000001,England,nation,2023-01-27,558,2260,64
E92000001,England,nation,2023-01-26,654,2303,56
E92000001,England,nation,2023-01-25,706,2392,52
E92000001,England,nation,2023-01-24,695,2535,66
E92000001,England,nation,2023-01-23,617,2374,59
E92000001,England,nation,2023-01-22,590,1743,63
E92000001,England,nation,2023-01-21,493,1396,61
E92000001,England,nation,2023-01-20,447,1699,62
E92000001,England,nation,2023-01-19,618,1804,67
E92000001,England,nation,2023-01-18,595,1890,69
E92000001,England,nation,2023-01-17,565,1976,71
E92000001,England,nation,2023-01-16,599,2299,87
E92000001,England,nation,2023-01-15,567,1666,85
E92000001,England,nation,2023-01-14,417,1308,82
E92000001,England,nation,2023-01-13,510,1883,78
E92000001,England,nation,2023-01-12,664,2178,99
E92000001,England,nation,2023-01-11,692,2370,72
E92000001,England,nation,2023-01-10,661,2790,80
E92000001,England,nation,2023-01-09,737,3161,104
E92000001,England,nation,2023-01-08,776,2474,96
E92000001,England,nation,2023-01-07,628,2401,95
E92000001,England,nation,2023-01-06,705,3396,84
E92000001,England,nation,2023-01-05,899,4149,110
E92000001,England,nation,2023-01-04,922,5006,112
E92000001,England,nation,2023-01-03,992,5737,108
E92000001,England,nation,2023-01-02,916,4630,99
E92000001,England,nation,2023-01-01,784,3332,102
E92000001,England,nation,2022-12-31,723,3886,125
E92000001,England,nation,2022-12-30,940,5517,123
E92000001,England,nation,2022-12-29,1225,6943,94
E92000001,England,nation,2022-12-28,1245,7604,105
E92000001,England,nation,2022-12-27,1134,5974,111
E92000001,England,nation,2022-12-26,988,4487,102
E92000001,England,nation,2022-12-25,844,3381,98
E92000001,England,nation,2022-12-24,780,3777,112
E92000001,England,nation,2022-12-23,899,5221,97
E92000001,England,nation,2022-12-22,1236,6232,80
E92000001,England,nation,2022-12-21,1293,7017,84
E92000001,England,nation,2022-12-20,1376,7787,93
E92000001,England,nation,2022-12-19,1296,8199,94
E92000001,England,nation,2022-12-18,1176,5196,81
E92000001,England,nation,2022-12-17,799,4263,72
E92000001,England,nation,2022-12-16,834,5514,70
E92000001,England,nation,2022-12-15,1064,5545,42
E92000001,England,nation,2022-12-14,963,5961,77
E92000001,England,nation,2022-12-13,1026,6483,59
E92000001,England,nation,2022-12-12,965,6350,54
E92000001,England,nation,2022-12-11,872,4224,54
E92000001,England,nation,2022-12-10,582,3283,55
E92000001,England,nation,2022-12-09,607,3821,52
E92000001,England,nation,2022-12-08,697,4090,56
E92000001,England,nation,2022-12-07,748,4638,49
E92000001,England,nation,2022-12-06,779,4762,57
E92000001,England,nation,2022-12-05,724,4853,50
E92000001,England,nation,2022-12-04,589,3409,30
E92000001,England,nation,2022-12-03,498,2481,45
E92000001,England,nation,2022-12-02,468,3272,39
E92000001,England,nation,2022-12-01,583,3214,47
E92000001,England,nation,2022-11-30,590,3608,35
E92000001,England,nation,2022-11-29,661,3971,38
E92000001,England,nation,2022-11-28,639,4236,47
E92000001,England,nation,2022-11-27,557,3152,44
E92000001,England,nation,2022-11-26,438,2303,32
E92000001,England,nation,2022-11-25,443,2638,39
E92000001,England,nation,2022-11-24,522,3005,39
E92000001,England,nation,2022-11-23,536,3240,47
E92000001,England,nation,2022-11-22,547,3452,40
E92000001,England,nation,2022-11-21,503,3549,44
E92000001,England,nation,2022-11-20,434,2611,52
E92000001,England,nation,2022-11-19,395,2206,43
E92000001,England,nation,2022-11-18,437,2500,51
E92000001,England,nation,2022-11-17,516,2700,44
E92000001,England,nation,2022-11-16,542,2934,43
E92000001,England,nation,2022-11-15,494,3159,55
E92000001,England,nation,2022-11-14,522,3494,55
E92000001,England,nation,2022-11-13,445,2647,49
E92000001,England,nation,2022-11-12,370,2172,37
E92000001,England,nation,2022-11-11,435,2560,55
E92000001,England,nation,2022-11-10,550,2805,43
E92000001,England,nation,2022-11-09,535,3185,51
E92000001,England,nation,2022-11-08,550,3377,56
E92000001,England,nation,2022-11-07,598,3879,63
E92000001,England,nation,2022-11-06,500,2915,46
E92000001,England,nation,2022-11-05,396,2373,59
E92000001,England,nation,2022-11-04,410,2760,76
E92000001,England,nation,2022-11-03,568,3262,70
E92000001,England,nation,2022-11-02,571,3598,64
E92000001,England,nation,2022-11-01,689,4090,68
E92000001,England,nation,2022-10-31,630,4630,64
E92000001,England,nation,2022-10-30,640,3827,87
E92000001,England,nation,2022-10-29,518,3227,79
E92000001,England,nation,2022-10-28,558,3916,73
E92000001,England,nation,2022-10-27,773,4375,96
E92000001,England,nation,2022-10-26,857,4923,80
E92000001,England,nation,2022-10-25,863,5179,91
E92000001,England,nation,2022-10-24,870,6146,91
E92000001,England,nation,2022-10-23,884,5010,84
E92000001,England,nation,2022-10-22,785,4527,99
E92000001,England,nation,2022-10-21,831,5760,87
E92000001,England,nation,2022-10-20,1053,6076,104
E92000001,England,nation,2022-10-19,1064,7041,87
E92000001,England,nation,2022-10-18,1101,7665,88
E92000001,England,nation,2022-10-17,1121,9294,101
E92000001,England,nation,2022-10-16,1206,7258,95
E92000001,England,nation,2022-10-15,900,6004,91
E92000001,England,nation,2022-10-14,978,7340,102
E92000001,England,nation,2022-10-13,1247,7561,99
E92000001,England,nation,2022-10-12,1150,8119,110
E92000001,England,nation,2022-10-11,1207,8779,96
E92000001,England,nation,2022-10-10,1275,9833,75
E92000001,England,nation,2022-10-09,1252,8013,82
E92000001,England,nation,2022-10-08,885,6579,80
E92000001,England,nation,2022-10-07,946,8334,84
E92000001,England,nation,2022-10-06,1163,8816,77
E92000001,England,nation,2022-10-05,1259,9543,84
E92000001,England,nation,2022-10-04,1418,10244,78
E92000001,England,nation,2022-10-03,1344,10879,69
E92000001,England,nation,2022-10-02,1262,8617,54
E92000001,England,nation,2022-10-01,1091,6564,58
E92000001,England,nation,2022-09-30,870,7098,46
E92000001,England,nation,2022-09-29,1158,7352,53
E92000001,England,nation,2022-09-28,1134,7807,54
E92000001,England,nation,2022-09-27,1045,7644,56
E92000001,England,nation,2022-09-26,998,8039,49
E92000001,England,nation,2022-09-25,971,6738,32
E92000001,England,nation,2022-09-24,727,5308,39
E92000001,England,nation,2022-09-23,704,6006,43
E92000001,England,nation,2022-09-22,846,6294,45
E92000001,England,nation,2022-09-21,858,6939,30
E92000001,England,nation,2022-09-20,826,7200,42
E92000001,England,nation,2022-09-19,781,5701,41
E92000001,England,nation,2022-09-18,555,3939,30
E92000001,England,nation,2022-09-17,484,3178,31
E92000001,England,nation,2022-09-16,476,3700,29
E92000001,England,nation,2022-09-15,553,4181,39
E92000001,England,nation,2022-09-14,586,4446,37
E92000001,England,nation,2022-09-13,580,4603,46
E92000001,England,nation,2022-09-12,519,4749,32
E92000001,England,nation,2022-09-11,499,3889,18
E92000001,England,nation,2022-09-10,408,2861,31
E92000001,England,nation,2022-09-09,422,3103,29
E92000001,England,nation,2022-09-08,508,3250,37
E92000001,England,nation,2022-09-07,541,3750,46
E92000001,England,nation,2022-09-06,537,3941,27
E92000001,England,nation,2022-09-05,526,4385,31
E92000001,England,nation,2022-09-04,471,3759,36
E92000001,England,nation,2022-09-03,439,2971,40
E92000001,England,nation,2022-09-02,466,3239,42
E92000001,England,nation,2022-09-01,534,3760,34
E92000001,England,nation,2022-08-31,580,3975,56
E92000001,England,nation,2022-08-30,612,4473,35
E92000001,England,nation,2022-08-29,602,3937,44
E92000001,England,nation,2022-08-28,539,2882,54
E92000001,England,nation,2022-08-27,475,2606,52
E92000001,England,nation,2022-08-26,512,2997,33
E92000001,England,nation,2022-08-25,646,3266,41
E92000001,England,nation,2022-08-24,643,3913,41
E92000001,England,nation,2022-08-23,707,4076,64
E92000001,England,nation,2022-08-22,670,4575,55
E92000001,England,nation,2022-08-21,605,3547,48
E92000001,England,nation,2022-08-20,585,2844,65
E92000001,England,nation,2022-08-19,648,3317,52
E92000001,England,nation,2022-08-18,692,3880,51
E92000001,England,nation,2022-08-17,788,4389,50
E92000001,England,nation,2022-08-16,818,4832,60
E92000001,England,nation,2022-08-15,861,5600,69
E92000001,England,nation,2022-08-14,759,4781,68
E92000001,England,nation,2022-08-13,762,3977,76
E92000001,England,nation,2022-08-12,740,4779,92
E92000001,England,nation,2022-08-11,901,5446,86
E92000001,England,nation,2022-08-10,1009,6002,61
E92000001,England,nation,2022-08-09,973,6462,74
E92000001,England,nation,2022-08-08,975,7226,79
E92000001,England,nation,2022-08-07,899,5897,87
E92000001,England,nation,2022-08-06,775,4852,56
E92000001,England,nation,2022-08-05,910,5860,67
E92000001,England,nation,2022-08-04,1017,6524,69
E92000001,England,nation,2022-08-03,1059,7421,97
E92000001,England,nation,2022-08-02,1062,8166,86
E92000001,England,nation,2022-08-01,1120,8815,75
E92000001,England,nation,2022-07-31,1138,7672,78
E92000001,England,nation,2022-07-30,936,6613,63
E92000001,England,nation,2022-07-29,996,7584,100
E92000001,England,nation,2022-07-28,1165,8340,103
E92000001,England,nation,2022-07-27,1197,9435,98
E92000001,England,nation,2022-07-26,1318,10482,94
E92000001,England,nation,2022-07-25,1345,11929,92
E92000001,England,nation,2022-07-24,1307,10216,106
E92000001,England,nation,2022-07-23,1139,8908,99
E92000001,England,nation,2022-07-22,1231,11176,88
E92000001,England,nation,2022-07-21,1550,12791,101
E92000001,England,nation,2022-07-20,1715,14534,170
E92000001,England,nation,2022-07-19,1834,14866,187
E92000001,England,nation,2022-07-18,1754,16920,99
E92000001,England,nation,2022-07-17,1694,15704,133
E92000001,England,nation,2022-07-16,1373,13671,95
E92000001,England,nation,2022-07-15,1487,16626,90
E92000001,England,nation,2022-07-14,1839,19340,99
E92000001,England,nation,2022-07-13,1946,21639,109
E92000001,England,nation,2022-07-12,1945,24377,117
E92000001,England,nation,2022-07-11,2005,27200,99
E92000001,England,nation,2022-07-10,1889,23046,86
E92000001,England,nation,2022-07-09,1601,19354,86
E92000001,England,nation,2022-07-08,1696,22173,84
E92000001,England,nation,2022-07-07,1967,24048,82
E92000001,England,nation,2022-07-06,1945,26742,88
E92000001,England,nation,2022-07-05,1926,28118,83
E92000001,England,nation,2022-07-04,1911,30387,72
E92000001,England,nation,2022-07-03,1795,25174,52
E92000001,England,nation,2022-07-02,1374,19586,67
E92000001,England,nation,2022-07-01,1326,21068,62
E92000001,England,nation,2022-06-30,1596,21510,53
E92000001,England,nation,2022-06-29,1572,21720,66
E92000001,England,nation,2022-06-28,1454,21873,49
E92000001,England,nation,2022-06-27,1438,21897,45
E92000001,England,nation,2022-06-26,1276,18040,57
E92000001,England,nation,2022-06-25,1011,14478,56
E92000001,England,nation,2022-06-24,1072,15627,36
E92000001,England,nation,2022-06-23,1210,16700,44
E92000001,England,nation,2022-06-22,1133,17764,56
E92000001,England,nation,2022-06-21,1155,17531,39
E92000001,England,nation,2022-06-20,1055,16922,41
E92000001,England,nation,2022-06-19,942,14524,35
E92000001,England,nation,2022-06-18,797,11635,35
E92000001,England,nation,2022-06-17,829,11640,35
E92000001,England,nation,2022-06-16,822,11915,41
E92000001,England,nation,2022-06-15,842,12388,38
E92000001,England,nation,2022-06-14,763,12661,26
E92000001,England,nation,2022-06-13,722,12956,26
E92000001,England,nation,2022-06-12,659,10718,34
E92000001,England,nation,2022-06-11,583,8468,27
E92000001,England,nation,2022-06-10,589,9154,31
E92000001,England,nation,2022-06-09,627,9589,18
E92000001,England,nation,2022-06-08,664,9952,31
E92000001,England,nation,2022-06-07,577,9484,26
E92000001,England,nation,2022-06-06,606,9800,37
E92000001,England,nation,2022-06-05,531,8351,23
E92000001,England,nation,2022-06-04,443,6278,32
E92000001,England,nation,2022-06-03,404,5582,22
E92000001,England,nation,2022-06-02,412,5081,37
E92000001,England,nation,2022-06-01,480,5713,23
E92000001,England,nation,2022-05-31,502,5734,42
E92000001,England,nation,2022-05-30,465,5928,42
E92000001,England,nation,2022-05-29,428,4687,22
E92000001,England,nation,2022-05-28,382,4153,30
E92000001,England,nation,2022-05-27,442,4495,39
E92000001,England,nation,2022-05-26,421,4819,40
E92000001,England,nation,2022-05-25,475,5191,26
E92000001,England,nation,2022-05-24,461,5593,39
E92000001,England,nation,2022-05-23,505,6248,51
E92000001,England,nation,2022-05-22,463,5151,43
E92000001,England,nation,2022-05-21,387,4243,36
E92000001,England,nation,2022-05-20,450,5049,55
E92000001,England,nation,2022-05-19,573,5785,27
E92000001,England,nation,2022-05-18,626,6391,38
E92000001,England,nation,2022-05-17,576,6833,55
E92000001,England,nation,2022-05-16,589,7886,52
E92000001,England,nation,2022-05-15,566,6730,61
E92000001,England,nation,2022-05-14,553,5139,54
E92000001,England,nation,2022-05-13,542,5794,66
E92000001,England,nation,2022-05-12,680,6376,55
E92000001,England,nation,2022-05-11,671,7265,57
E92000001,England,nation,2022-05-10,726,8155,86
E92000001,England,nation,2022-05-09,731,8878,72
E92000001,England,nation,2022-05-08,669,7664,72
E92000001,England,nation,2022-05-07,607,6356,83
E92000001,England,nation,2022-05-06,721,7518,89
E92000001,England,nation,2022-05-05,777,8594,70
E92000001,England,nation,2022-05-04,873,9783,79
E92000001,England,nation,2022-05-03,893,11156,84
E92000001,England,nation,2022-05-02,828,10343,90
E92000001,England,nation,2022-05-01,807,7718,100
E92000001,England,nation,2022-04-30,718,6863,91
E92000001,England,nation,2022-04-29,872,7992,81
E92000001,England,nation,2022-04-28,936,9057,110
E92000001,England,nation,2022-04-27,1082,10120,115
E92000001,England,nation,2022-04-26,1100,11294,95
E92000001,England,nation,2022-04-25,1138,13401,106
E92000001,England,nation,2022-04-24,1077,11867,105
E92000001,England,nation,2022-04-23,1087,10572,123
E92000001,England,nation,2022-04-22,1184,12528,123
E92000001,England,nation,2022-04-21,1264,14520,132
E92000001,England,nation,2022-04-20,1322,16973,135
E92000001,England,nation,2022-04-19,1435,20595,128
E92000001,England,nation,2022-04-18,1506,20567,144
E92000001,England,nation,2022-04-17,1347,16262,135
E92000001,England,nation,2022-04-16,1288,16091,140
E92000001,England,nation,2022-04-15,1416,17305,143
E92000001,England,nation,2022-04-14,1662,21435,161
E92000001,England,nation,2022-04-13,1898,25507,184
E92000001,England,nation,2022-04-12,2003,27383,159
E92000001,England,nation,2022-04-11,1909,30598,159
E92000001,England,nation,2022-04-10,1792,25641,160
E92000001,England,nation,2022-04-09,1702,23015,148
E92000001,England,nation,2022-04-08,1751,27393,194
E92000001,England,nation,2022-04-07,1999,31746,188
E92000001,England,nation,2022-04-06,2176,36891,163
E92000001,England,nation,2022-04-05,2308,40393,160
E92000001,England,nation,2022-04-04,2164,45142,140
E92000001,England,nation,2022-04-03,2103,35605,154
E92000001,England,nation,2022-04-02,1826,31610,169
E92000001,England,nation,2022-04-01,1846,40343,162
E92000001,England,nation,2022-03-31,2124,45882,153
E92000001,England,nation,2022-03-30,2355,62750,148
E92000001,England,nation,2022-03-29,2219,67440,154
E92000001,England,nation,2022-03-28,2280,78912,135
E92000001,England,nation,2022-03-27,2037,58001,125
E92000001,England,nation,2022-03-26,1869,51778,127
E92000001,England,nation,2022-03-25,1925,60259,137
E92000001,England,nation,2022-03-24,2006,68604,117
E92000001,England,nation,2022-03-23,2137,77598,122
E92000001,England,nation,2022-03-22,2098,81847,123
E92000001,England,nation,2022-03-21,1984,89909,121
E92000001,England,nation,2022-03-20,1793,66905,127
E92000001,England,nation,2022-03-19,1813,55212,121
E92000001,England,nation,2022-03-18,1629,61907,121
E92000001,England,nation,2022-03-17,1738,67686,105
E92000001,England,nation,2022-03-16,1823,73954,107
E92000001,England,nation,2022-03-15,1800,74103,99
E92000001,England,nation,2022-03-14,1651,79518,114
E92000001,England,nation,2022-03-13,1591,60271,80
E92000001,England,nation,2022-03-12,1368,49163,99
E92000001,England,nation,2022-03-11,1412,52272,97
E92000001,England,nation,2022-03-10,1414,54300,91
E92000001,England,nation,2022-03-09,1521,55492,88
E92000001,England,nation,2022-03-08,1389,52343,100
E92000001,England,nation,2022-03-07,1278,50983,91
E92000001,England,nation,2022-03-06,1260,35914,63
E92000001,England,nation,2022-03-05,1050,28508,81
E92000001,England,nation,2022-03-04,1044,30605,85
E92000001,England,nation,2022-03-03,1226,31533,81
E92000001,England,nation,2022-03-02,1184,33362,107
E92000001,England,nation,2022-03-01,1111,31863,82
E92000001,England,nation,2022-02-28,1145,31865,82
E92000001,England,nation,2022-02-27,949,22165,92
E92000001,England,nation,2022-02-26,888,17603,81
E92000001,England,nation,2022-02-25,841,19532,90
E92000001,England,nation,2022-02-24,984,21883,95
E92000001,England,nation,2022-02-23,976,26008,90
E92000001,England,nation,2022-02-22,976,28017,92
E92000001,England,nation,2022-02-21,1030,33034,94
E92000001,England,nation,2022-02-20,971,28410,105
E92000001,England,nation,2022-02-19,834,26429,97
E92000001,England,nation,2022-02-18,900,24924,101
E92000001,England,nation,2022-02-17,971,34168,104
E92000001,England,nation,2022-02-16,1120,39444,109
E92000001,England,nation,2022-02-15,1144,40145,103
E92000001,England,nation,2022-02-14,1132,42492,130
E92000001,England,nation,2022-02-13,1029,32326,110
E92000001,England,nation,2022-02-12,989,29142,127
E92000001,England,nation,2022-02-11,996,34943,120
E92000001,England,nation,2022-02-10,1167,41331,106
E92000001,England,nation,2022-02-09,1220,51014,118
E92000001,England,nation,2022-02-08,1266,55437,135
E92000001,England,nation,2022-02-07,1234,62672,124
E92000001,England,nation,2022-02-06,1211,50146,132
E92000001,England,nation,2022-02-05,1077,43233,152
E92000001,England,nation,2022-02-04,1186,52556,143
E92000001,England,nation,2022-02-03,1292,64032,163
E92000001,England,nation,2022-02-02,1451,73907,163
E92000001,England,nation,2022-02-01,1537,78512,168
E92000001,England,nation,2022-01-31,1451,88503,177
E92000001,England,nation,2022-01-30,1285,74980,169
E92000001,England,nation,2022-01-29,1325,63024,160
E92000001,England,nation,2022-01-28,1342,71682,163
E92000001,England,nation,2022-01-27,1503,82728,179
E92000001,England,nation,2022-01-26,1689,93211,175
E92000001,England,nation,2022-01-25,1681,96954,156
E92000001,England,nation,2022-01-24,1593,109233,202
E92000001,England,nation,2022-01-23,1535,88557,181
E92000001,England,nation,2022-01-22,1277,70483,194
E92000001,England,nation,2022-01-21,1453,79173,213
E92000001,England,nation,2022-01-20,1698,86953,166
E92000001,England,nation,2022-01-19,1778,97334,180
E92000001,England,nation,2022-01-18,1794,103308,201
E92000001,England,nation,2022-01-17,1808,114776,197
E92000001,England,nation,2022-01-16,1768,85598,210
E92000001,England,nation,2022-01-15,1604,67820,210
E92000001,England,nation,2022-01-14,1692,75174,202
E92000001,England,nation,2022-01-13,1916,84133,190
E92000001,England,nation,2022-01-12,1955,90002,198
E92000001,England,nation,2022-01-11,2127,100980,202
E92000001,England,nation,2022-01-10,2180,116341,200
E92000001,England,nation,2022-01-09,1975,83079,199
E92000001,England,nation,2022-01-08,1862,81218,188
E92000001,England,nation,2022-01-07,1772,105081,205
E92000001,England,nation,2022-01-06,2043,150787,182
E92000001,England,nation,2022-01-05,2139,183803,159
E92000001,England,nation,2022-01-04,2101,234872,156
E92000001,England,nation,2022-01-03,2219,193616,153
E92000001,England,nation,2022-01-02,1881,148609,143
E92000001,England,nation,2022-01-01,1819,99304,152
E92000001,England,nation,2021-12-31,1781,152886,133
E92000001,England,nation,2021-12-30,2114,192824,156
E92000001,England,nation,2021-12-29,2370,224030,107
E92000001,England,nation,2021-12-28,2082,170579,136
E92000001,England,nation,2021-12-27,1751,155565,115
E92000001,England,nation,2021-12-26,1374,98916,101
E92000001,England,nation,2021-12-25,1281,59912,97
E92000001,England,nation,2021-12-24,1020,117562,104
E92000001,England,nation,2021-12-23,1252,137021,124
E92000001,England,nation,2021-12-22,1246,138143,123
E92000001,England,nation,2021-12-21,1098,129599,92
E92000001,England,nation,2021-12-20,1061,117576,111
E92000001,England,nation,2021-12-19,926,78497,102
E92000001,England,nation,2021-12-18,735,78930,92
E92000001,England,nation,2021-12-17,743,84967,114
E92000001,England,nation,2021-12-16,777,93803,98
E92000001,England,nation,2021-12-15,805,99653,99
E92000001,England,nation,2021-12-14,815,90717,124
E92000001,England,nation,2021-12-13,794,76507,95
E92000001,England,nation,2021-12-12,772,46367,121
E92000001,England,nation,2021-12-11,696,41940,86
E92000001,England,nation,2021-12-10,707,45017,98
E92000001,England,nation,2021-12-09,799,48816,107
E92000001,England,nation,2021-12-08,754,50059,111
E92000001,England,nation,2021-12-07,799,48146,99
E92000001,England,nation,2021-12-06,736,51122,111
E92000001,England,nation,2021-12-05,728,35037,95
E92000001,England,nation,2021-12-04,635,33379,129
E92000001,England,nation,2021-12-03,624,39222,123
E92000001,England,nation,2021-12-02,719,43045,94
E92000001,England,nation,2021-12-01,698,47263,107
E92000001,England,nation,2021-11-30,699,47631,109
E92000001,England,nation,2021-11-29,669,47940,117
E92000001,England,nation,2021-11-28,607,33857,104
E92000001,England,nation,2021-11-27,609,28459,97
E92000001,England,nation,2021-11-26,620,33666,102
E92000001,England,nation,2021-11-25,650,37142,112
E92000001,England,nation,2021-11-24,752,39880,105
E92000001,England,nation,2021-11-23,659,41015,119
E92000001,England,nation,2021-11-22,602,42868,100
E92000001,England,nation,2021-11-21,648,31763,98
E92000001,England,nation,2021-11-20,611,29868,105
E92000001,England,nation,2021-11-19,637,33186,107
E92000001,England,nation,2021-11-18,697,37097,106
E92000001,England,nation,2021-11-17,727,38256,95
E92000001,England,nation,2021-11-16,713,38656,134
E92000001,England,nation,2021-11-15,695,42477,136
E92000001,England,nation,2021-11-14,678,29599,108
E92000001,England,nation,2021-11-13,655,27357,117
E92000001,England,nation,2021-11-12,729,31337,107
E92000001,England,nation,2021-11-11,797,33700,128
E92000001,England,nation,2021-11-10,821,35390,129
E92000001,England,nation,2021-11-09,808,34679,131
E92000001,England,nation,2021-11-08,850,36138,128
E92000001,England,nation,2021-11-07,739,25447,123
E92000001,England,nation,2021-11-06,688,22581,135
E92000001,England,nation,2021-11-05,686,24405,131
E92000001,England,nation,2021-11-04,717,27378,131
E92000001,England,nation,2021-11-03,807,29396,135
E92000001,England,nation,2021-11-02,891,31328,132
E92000001,England,nation,2021-11-01,899,37663,146
E92000001,England,nation,2021-10-31,860,29564,151
E92000001,England,nation,2021-10-30,741,28243,124
E92000001,England,nation,2021-10-29,840,33995,132
E92000001,England,nation,2021-10-28,888,35077,157
E92000001,England,nation,2021-10-27,955,36524,140
E92000001,England,nation,2021-10-26,911,35276,132
E92000001,England,nation,2021-10-25,865,39957,123
E92000001,England,nation,2021-10-24,829,30092,120
E92000001,England,nation,2021-10-23,756,29747,131
E92000001,England,nation,2021-10-22,760,34507,115
E92000001,England,nation,2021-10-21,799,38580,115
E92000001,England,nation,2021-10-20,903,43963,116
E92000001,England,nation,2021-10-19,894,44630,109
E92000001,England,nation,2021-10-18,896,49257,97
E92000001,England,nation,2021-10-17,828,37502,109
E92000001,England,nation,2021-10-16,743,31639,105
E92000001,England,nation,2021-10-15,752,36631,108
E92000001,England,nation,2021-10-14,730,39263,114
E92000001,England,nation,2021-10-13,752,40546,99
E92000001,England,nation,2021-10-12,760,40892,96
E92000001,England,nation,2021-10-11,685,43115,97
E92000001,England,nation,2021-10-10,606,31499,82
E92000001,England,nation,2021-10-09,613,27180,94
E92000001,England,nation,2021-10-08,619,29847,95
E92000001,England,nation,2021-10-07,634,32158,95
E92000001,England,nation,2021-10-06,632,32547,79
E92000001,England,nation,2021-10-05,658,32268,96
E92000001,England,nation,2021-10-04,627,36476,84
E92000001,England,nation,2021-10-03,577,27137,78
E92000001,England,nation,2021-10-02,549,21873,73
E92000001,England,nation,2021-10-01,520,24134,102
E92000001,England,nation,2021-09-30,552,26809,95
E92000001,England,nation,2021-09-29,625,28688,93
E92000001,England,nation,2021-09-28,596,29627,88
E92000001,England,nation,2021-09-27,617,34595,84
E92000001,England,nation,2021-09-26,535,26814,76
E92000001,England,nation,2021-09-25,520,23389,89
E92000001,England,nation,2021-09-24,557,25755,100
E92000001,England,nation,2021-09-23,577,28340,109
E92000001,England,nation,2021-09-22,572,28789,114
E92000001,England,nation,2021-09-21,602,30547,99
E92000001,England,nation,2021-09-20,606,32121,116
E92000001,England,nation,2021-09-19,572,24789,102
E92000001,England,nation,2021-09-18,560,20926,102
E92000001,England,nation,2021-09-17,540,22375,130
E92000001,England,nation,2021-09-16,672,22319,118
E92000001,England,nation,2021-09-15,691,22414,122
E92000001,England,nation,2021-09-14,701,22640,126
E92000001,England,nation,2021-09-13,688,25199,78
E92000001,England,nation,2021-09-12,658,17879,102
E92000001,England,nation,2021-09-11,649,16956,109
E92000001,England,nation,2021-09-10,680,21031,111
E92000001,England,nation,2021-09-09,790,24440,137
E92000001,England,nation,2021-09-08,900,25660,116
E92000001,England,nation,2021-09-07,801,27938,129
E92000001,England,nation,2021-09-06,831,33135,129
E92000001,England,nation,2021-09-05,691,23457,122
E92000001,England,nation,2021-09-04,752,23409,119
E92000001,England,nation,2021-09-03,688,28728,124
E92000001,England,nation,2021-09-02,788,30636,105
E92000001,England,nation,2021-09-01,835,31601,102
E92000001,England,nation,2021-08-31,798,33565,102
E92000001,England,nation,2021-08-30,808,24972,93
E92000001,England,nation,2021-08-29,701,19152,114
E92000001,England,nation,2021-08-28,688,20138,105
E92000001,England,nation,2021-08-27,749,24252,114
E92000001,England,nation,2021-08-26,777,26482,108
E92000001,England,nation,2021-08-25,843,27901,86
E92000001,England,nation,2021-08-24,818,28212,104
E92000001,England,nation,2021-08-23,831,30333,97
E92000001,England,nation,2021-08-22,726,22409,110
E92000001,England,nation,2021-08-21,757,22603,97
E92000001,England,nation,2021-08-20,733,25555,108
E92000001,England,nation,2021-08-19,824,29080,99
E92000001,England,nation,2021-08-18,795,31426,89
E92000001,England,nation,2021-08-17,832,31095,89
E92000001,England,nation,2021-08-16,776,30860,78
E92000001,England,nation,2021-08-15,719,21280,75
E92000001,England,nation,2021-08-14,689,21336,86
E92000001,England,nation,2021-08-13,694,24991,81
E92000001,England,nation,2021-08-12,758,27690,91
E92000001,England,nation,2021-08-11,747,29134,78
E92000001,England,nation,2021-08-10,760,27610,73
E92000001,England,nation,2021-08-09,665,28292,74
E92000001,England,nation,2021-08-08,651,20157,67
E92000001,England,nation,2021-08-07,630,19957,90
E92000001,England,nation,2021-08-06,657,24851,85
E92000001,England,nation,2021-08-05,693,28125,89
E92000001,England,nation,2021-08-04,747,28895,79
E92000001,England,nation,2021-08-03,680,27061,70
E92000001,England,nation,2021-08-02,686,26580,76
E92000001,England,nation,2021-08-01,645,18714,74
E92000001,England,nation,2021-07-31,593,18449,73
E92000001,England,nation,2021-07-30,650,22110,90
E92000001,England,nation,2021-07-29,758,25361,73
E92000001,England,nation,2021-07-28,728,26925,70
E92000001,England,nation,2021-07-27,816,26027,61
E92000001,England,nation,2021-07-26,830,26540,70
E92000001,England,nation,2021-07-25,836,19657,62
E92000001,England,nation,2021-07-24,734,20276,60
E92000001,England,nation,2021-07-23,725,24586,68
E92000001,England,nation,2021-07-22,827,27711,74
E92000001,England,nation,2021-07-21,783,31676,48
E92000001,England,nation,2021-07-20,805,35948,54
E92000001,England,nation,2021-07-19,752,43401,76
E92000001,England,nation,2021-07-18,698,33163,60
E92000001,England,nation,2021-07-17,622,35280,49
E92000001,England,nation,2021-07-16,593,51137,44
E92000001,England,nation,2021-07-15,658,57583,45
E92000001,England,nation,2021-07-14,636,50320,38
E92000001,England,nation,2021-07-13,621,43246,40
E92000001,England,nation,2021-07-12,610,40478,34
E92000001,England,nation,2021-07-11,502,27418,28
E92000001,England,nation,2021-07-10,442,25411,34
E92000001,England,nation,2021-07-09,451,29049,43
E92000001,England,nation,2021-07-08,488,29927,30
E92000001,England,nation,2021-07-07,461,34274,28
E92000001,England,nation,2021-07-06,458,31627,22
E92000001,England,nation,2021-07-05,416,30215,21
E92000001,England,nation,2021-07-04,390,21806,24
E92000001,England,nation,2021-07-03,323,20638,27
E92000001,England,nation,2021-07-02,307,22288,26
E92000001,England,nation,2021-07-01,295,24267,25
E92000001,England,nation,2021-06-30,331,23941,23
E92000001,England,nation,2021-06-29,283,23250,21
E92000001,England,nation,2021-06-28,244,23511,13
E92000001,England,nation,2021-06-27,226,15407,20
E92000001,England,nation,2021-06-26,223,13486,10
E92000001,England,nation,2021-06-25,206,14901,21
E92000001,England,nation,2021-06-24,194,15082,23
E92000001,England,nation,2021-06-23,214,14806,6
E92000001,England,nation,2021-06-22,182,13564,13
E92000001,England,nation,2021-06-21,181,12708,12
E92000001,England,nation,2021-06-20,171,8204,20
E92000001,England,nation,2021-06-19,178,7127,17
E92000001,England,nation,2021-06-18,185,8772,14
E92000001,England,nation,2021-06-17,202,9523,7
E92000001,England,nation,2021-06-16,177,9411,15
E92000001,England,nation,2021-06-15,188,9154,15
E92000001,England,nation,2021-06-14,185,8941,12
E92000001,England,nation,2021-06-13,187,6075,9
E92000001,England,nation,2021-06-12,137,5422,11
E92000001,England,nation,2021-06-11,144,6510,11
E92000001,England,nation,2021-06-10,162,6717,16
E92000001,England,nation,2021-06-09,158,6919,14
E92000001,England,nation,2021-06-08,147,6630,13
E92000001,England,nation,2021-06-07,131,6790,5
E92000001,England,nation,2021-06-06,121,4730,12
E92000001,England,nation,2021-06-05,96,3964,5
E92000001,England,nation,2021-06-04,96,4885,13
E92000001,England,nation,2021-06-03,93,5131,14
E92000001,England,nation,2021-06-02,101,5039,10
E92000001,England,nation,2021-06-01,115,4515,9
E92000001,England,nation,2021-05-31,98,3170,10
E92000001,England,nation,2021-05-30,80,2598,8
E92000001,England,nation,2021-05-29,69,2462,9
E92000001,England,nation,2021-05-28,92,2929,12
E92000001,England,nation,2021-05-27,83,3075,8
E92000001,England,nation,2021-05-26,95,3179,12
E92000001,England,nation,2021-05-25,88,2797,8
E92000001,England,nation,2021-05-24,98,2750,13
E92000001,England,nation,2021-05-23,77,1918,14
E92000001,England,nation,2021-05-22,75,1606,3
E92000001,England,nation,2021-05-21,85,1871,16
E92000001,England,nation,2021-05-20,98,2000,6
E92000001,England,nation,2021-05-19,93,2261,3
E92000001,England,nation,2021-05-18,90,2241,9
E92000001,England,nation,2021-05-17,74,2341,11
E92000001,England,nation,2021-05-16,59,1587,10
E92000001,England,nation,2021-05-15,70,1306,13
E92000001,England,nation,2021-05-14,72,1540,9
E92000001,England,nation,2021-05-13,74,1737,10
E92000001,England,nation,2021-05-12,93,1869,13
E92000001,England,nation,2021-05-11,79,1871,19
E92000001,England,nation,2021-05-10,76,2325,7
E92000001,England,nation,2021-05-09,76,1985,11
E92000001,England,nation,2021-05-08,80,1301,17
E92000001,England,nation,2021-05-07,77,1657,16
E92000001,England,nation,2021-05-06,88,1967,14
E92000001,England,nation,2021-05-05,96,2203,20
E92000001,England,nation,2021-05-04,76,2200,14
E92000001,England,nation,2021-05-03,98,1806,17
E92000001,England,nation,2021-05-02,92,1305,16
E92000001,England,nation,2021-05-01,68,1210,14
E92000001,England,nation,2021-04-30,82,1528,16
E92000001,England,nation,2021-04-29,80,1901,15
E92000001,England,nation,2021-04-28,89,2153,19
E92000001,England,nation,2021-04-27,128,1809,23
E92000001,England,nation,2021-04-26,108,2268,19
E92000001,England,nation,2021-04-25,107,1897,22
E92000001,England,nation,2021-04-24,99,1300,19
E92000001,England,nation,2021-04-23,124,1701,23
E92000001,England,nation,2021-04-22,92,2032,28
E92000001,England,nation,2021-04-21,126,2298,26
E92000001,England,nation,2021-04-20,98,2112,30
E92000001,England,nation,2021-04-19,138,2268,17
E92000001,England,nation,2021-04-18,112,2281,27
E92000001,England,nation,2021-04-17,135,1398,36
E92000001,England,nation,2021-04-16,118,1963,28
E92000001,England,nation,2021-04-15,127,1959,37
E92000001,England,nation,2021-04-14,156,2068,26
E92000001,England,nation,2021-04-13,153,2060,37
E92000001,England,nation,2021-04-12,173,2399,36
E92000001,England,nation,2021-04-11,175,2020,34
E92000001,England,nation,2021-04-10,151,2009,36
E92000001,England,nation,2021-04-09,167,2482,32
E92000001,England,nation,2021-04-08,167,2651,52
E92000001,England,nation,2021-04-07,189,2752,38
E92000001,England,nation,2021-04-06,183,2756,37
E92000001,England,nation,2021-04-05,188,2314,35
E92000001,England,nation,2021-04-04,156,2043,51
E92000001,England,nation,2021-04-03,179,2120,34
E92000001,England,nation,2021-04-02,178,2248,38
E92000001,England,nation,2021-04-01,180,3067,54
E92000001,England,nation,2021-03-31,225,3340,64
E92000001,England,nation,2021-03-30,217,3135,50
E92000001,England,nation,2021-03-29,206,3422,58
E92000001,England,nation,2021-03-28,221,4476,43
E92000001,England,nation,2021-03-27,217,3136,55
E92000001,England,nation,2021-03-26,245,3803,61
E92000001,England,nation,2021-03-25,288,4674,68
E92000001,England,nation,2021-03-24,277,5321,58
E92000001,England,nation,2021-03-23,295,4566,83
E92000001,England,nation,2021-03-22,294,5399,89
E92000001,England,nation,2021-03-21,279,4679,109
E92000001,England,nation,2021-03-20,287,3514,89
E92000001,England,nation,2021-03-19,283,4333,82
E92000001,England,nation,2021-03-18,351,4689,85
E92000001,England,nation,2021-03-17,343,5048,104
E92000001,England,nation,2021-03-16,364,4933,94
E92000001,England,nation,2021-03-15,431,5643,122
E92000001,England,nation,2021-03-14,357,3707,115
E92000001,England,nation,2021-03-13,385,3592,123
E92000001,England,nation,2021-03-12,386,4767,117
E92000001,England,nation,2021-03-11,449,4848,152
E92000001,England,nation,2021-03-10,494,5223,136
E92000001,England,nation,2021-03-09,483,5488,160
E92000001,England,nation,2021-03-08,501,5817,165
E92000001,England,nation,2021-03-07,461,3677,175
E92000001,England,nation,2021-03-06,528,3832,178
E92000001,England,nation,2021-03-05,487,4728,203
E92000001,England,nation,2021-03-04,596,5011,204
E92000001,England,nation,2021-03-03,607,5305,188
E92000001,England,nation,2021-03-02,683,5951,210
E92000001,England,nation,2021-03-01,704,6215,254
E92000001,England,nation,2021-02-28,662,4112,257
E92000001,England,nation,2021-02-27,624,4254,265
E92000001,England,nation,2021-02-26,718,5883,262
E92000001,England,nation,2021-02-25,832,6935,308
E92000001,England,nation,2021-02-24,874,7620,317
E92000001,England,nation,2021-02-23,976,8536,336
E92000001,England,nation,2021-02-22,980,10278,325
E92000001,England,nation,2021-02-21,1009,7032,355
E92000001,England,nation,2021-02-20,904,7161,388
E92000001,England,nation,2021-02-19,1068,9246,390
E92000001,England,nation,2021-02-18,1149,10304,454
E92000001,England,nation,2021-02-17,1233,10419,438
E92000001,England,nation,2021-02-16,1311,11270,501
E92000001,England,nation,2021-02-15,1322,12953,549
E92000001,England,nation,2021-02-14,1364,7780,520
E92000001,England,nation,2021-02-13,1240,8025,512
E92000001,England,nation,2021-02-12,1318,10986,546
E92000001,England,nation,2021-02-11,1440,11637,590
E92000001,England,nation,2021-02-10,1535,12272,629
E92000001,England,nation,2021-02-09,1531,12696,628
E92000001,England,nation,2021-02-08,1739,14370,702
E92000001,England,nation,2021-02-07,1675,10457,665
E92000001,England,nation,2021-02-06,1679,10951,686
E92000001,England,nation,2021-02-05,1757,14462,771
E92000001,England,nation,2021-02-04,1907,16717,735
E92000001,England,nation,2021-02-03,2096,17948,872
E92000001,England,nation,2021-02-02,2222,18194,854
E92000001,England,nation,2021-02-01,2347,20765,893
E92000001,England,nation,2021-01-31,2183,14138,899
E92000001,England,nation,2021-01-30,2193,15524,924
E92000001,England,nation,2021-01-29,2379,20362,1008
E92000001,England,nation,2021-01-28,2719,22523,1110
E92000001,England,nation,2021-01-27,2742,23899,1108
E92000001,England,nation,2021-01-26,2799,25210,1046
E92000001,England,nation,2021-01-25,2648,27972,1150
E92000001,England,nation,2021-01-24,2824,15883,1086
E92000001,England,nation,2021-01-23,2780,20426,1148
E92000001,England,nation,2021-01-22,3016,27741,1189
E92000001,England,nation,2021-01-21,3237,29633,1204
E92000001,England,nation,2021-01-20,3679,32679,1237
E92000001,England,nation,2021-01-19,3768,37056,1328
E92000001,England,nation,2021-01-18,3711,41936,1242
E92000001,England,nation,2021-01-17,3424,26976,1229
E92000001,England,nation,2021-01-16,3569,28412,1241
E92000001,England,nation,2021-01-15,3295,37878,1162
E92000001,England,nation,2021-01-14,3678,39659,1167
E92000001,England,nation,2021-01-13,3840,42303,1161
E92000001,England,nation,2021-01-12,4134,45968,1173
E92000001,England,nation,2021-01-11,3894,53519,1076
E92000001,England,nation,2021-01-10,3571,33749,1030
E92000001,England,nation,2021-01-09,3718,36419,976
E92000001,England,nation,2021-01-08,3549,43494,922
E92000001,England,nation,2021-01-07,3849,48132,918
E92000001,England,nation,2021-01-06,3967,52752,882
E92000001,England,nation,2021-01-05,3697,59599,856
E92000001,England,nation,2021-01-04,3587,70920,790
E92000001,England,nation,2021-01-03,3351,50664,684
E92000001,England,nation,2021-01-02,3145,55428,726
E92000001,England,nation,2021-01-01,3010,28879,689
E92000001,England,nation,2020-12-31,2536,47823,701
E92000001,England,nation,2020-12-30,2861,64243,655
E92000001,England,nation,2020-12-29,2886,74058,614
E92000001,England,nation,2020-12-28,2795,40846,615
E92000001,England,nation,2020-12-27,2572,43250,612
E92000001,England,nation,2020-12-26,2298,37462,593
E92000001,England,nation,2020-12-25,1952,12926,558
E92000001,England,nation,2020-12-24,1795,29287,503
E92000001,England,nation,2020-12-23,1980,38383,519
E92000001,England,nation,2020-12-22,2203,41741,539
E92000001,England,nation,2020-12-21,2115,43446,506
E92000001,England,nation,2020-12-20,1976,29556,455
E92000001,England,nation,2020-12-19,1812,22196,457
E92000001,England,nation,2020-12-18,1672,32426,478
E92000001,England,nation,2020-12-17,1873,30160,463
E92000001,England,nation,2020-12-16,1796,30650,386
E92000001,England,nation,2020-12-15,1730,29652,408
E92000001,England,nation,2020-12-14,1746,30019,422
E92000001,England,nation,2020-12-13,1581,18409,410
E92000001,England,nation,2020-12-12,1587,16268,411
E92000001,England,nation,2020-12-11,1450,20177,424
E92000001,England,nation,2020-12-10,1524,18850,407
E92000001,England,nation,2020-12-09,1550,17744,381
E92000001,England,nation,2020-12-08,1528,16937,398
E92000001,England,nation,2020-12-07,1466,17663,379
E92000001,England,nation,2020-12-06,1311,11036,363
E92000001,England,nation,2020-12-05,1186,10302,345
E92000001,England,nation,2020-12-04,1248,13065,420
E92000001,England,nation,2020-12-03,1337,12762,410
E92000001,England,nation,2020-12-02,1262,13662,348
E92000001,England,nation,2020-12-01,1271,13731,359
E92000001,England,nation,2020-11-30,1216,15227,385
E92000001,England,nation,2020-11-29,1215,9067,423
E92000001,England,nation,2020-11-28,1065,9347,389
E92000001,England,nation,2020-11-27,1055,12460,387
E92000001,England,nation,2020-11-26,1198,12459,380
E92000001,England,nation,2020-11-25,1415,14154,436
E92000001,England,nation,2020-11-24,1277,14264,423
E92000001,England,nation,2020-11-23,1385,16472,429
E92000001,England,nation,2020-11-22,1333,10216,420
E92000001,England,nation,2020-11-21,1255,10806,413
E92000001,England,nation,2020-11-20,1316,14960,407
E92000001,England,nation,2020-11-19,1484,15797,407
E92000001,England,nation,2020-11-18,1571,18549,444
E92000001,England,nation,2020-11-17,1491,20676,378
E92000001,England,nation,2020-11-16,1560,24135,362
E92000001,England,nation,2020-11-15,1467,14421,375
E92000001,England,nation,2020-11-14,1388,16290,367
E92000001,England,nation,2020-11-13,1433,22008,352
E92000001,England,nation,2020-11-12,1666,22320,357
E92000001,England,nation,2020-11-11,1711,25065,317
E92000001,England,nation,2020-11-10,1592,24836,329
E92000001,England,nation,2020-11-09,1551,28561,404
E92000001,England,nation,2020-11-08,1488,18273,347
E92000001,England,nation,2020-11-07,1319,16888,348
E92000001,England,nation,2020-11-06,1182,21180,339
E92000001,England,nation,2020-11-05,1346,21205,300
E92000001,England,nation,2020-11-04,1382,21053,283
E92000001,England,nation,2020-11-03,1246,22690,304
E92000001,England,nation,2020-11-02,1331,28394,279
E92000001,England,nation,2020-11-01,1280,13611,283
E92000001,England,nation,2020-10-31,1240,14565,277
E92000001,England,nation,2020-10-30,1109,19899,284
E92000001,England,nation,2020-10-29,1345,20257,253
E92000001,England,nation,2020-10-28,1239,20547,228
E92000001,England,nation,2020-10-27,1190,20761,226
E92000001,England,nation,2020-10-26,1279,23033,218
E92000001,England,nation,2020-10-25,1186,13354,207
E92000001,England,nation,2020-10-24,990,13713,174
E92000001,England,nation,2020-10-23,997,18359,183
E92000001,England,nation,2020-10-22,987,19866,186
E92000001,England,nation,2020-10-21,997,21762,196
E92000001,England,nation,2020-10-20,925,21638,177
E92000001,England,nation,2020-10-19,861,22369,155
E92000001,England,nation,2020-10-18,870,11982,124
E92000001,England,nation,2020-10-17,785,12487,168
E92000001,England,nation,2020-10-16,632,14761,125
E92000001,England,nation,2020-10-15,792,15429,124
E92000001,England,nation,2020-10-14,706,16646,104
E92000001,England,nation,2020-10-13,764,15660,94
E92000001,England,nation,2020-10-12,664,16420,94
E92000001,England,nation,2020-10-11,628,9781,106
E92000001,England,nation,2020-10-10,515,10301,87
E92000001,England,nation,2020-10-09,544,13159,82
E92000001,England,nation,2020-10-08,513,15452,80
E92000001,England,nation,2020-10-07,491,15418,88
E92000001,England,nation,2020-10-06,524,14458,69
E92000001,England,nation,2020-10-05,472,14218,54
E92000001,England,nation,2020-10-04,478,9966,55
E92000001,England,nation,2020-10-03,386,9820,56
E92000001,England,nation,2020-10-02,371,11719,69
E92000001,England,nation,2020-10-01,368,11444,56
E92000001,England,nation,2020-09-30,328,10663,53
E92000001,England,nation,2020-09-29,310,8832,42
E92000001,England,nation,2020-09-28,308,8641,47
E92000001,England,nation,2020-09-27,241,6084,49
E92000001,England,nation,2020-09-26,245,5704,43
E92000001,England,nation,2020-09-25,274,6105,35
E92000001,England,nation,2020-09-24,288,6361,33
E92000001,England,nation,2020-09-23,314,5933,52
E92000001,England,nation,2020-09-22,268,5400,32
E92000001,England,nation,2020-09-21,275,4727,26
E92000001,England,nation,2020-09-20,237,4652,34
E92000001,England,nation,2020-09-19,204,4215,22
E92000001,England,nation,2020-09-18,205,4290,25
E92000001,England,nation,2020-09-17,199,3979,34
E92000001,England,nation,2020-09-16,183,3778,25
E92000001,England,nation,2020-09-15,194,3057,22
E92000001,England,nation,2020-09-14,172,2941,17
E92000001,England,nation,2020-09-13,153,1722,18
E92000001,England,nation,2020-09-12,143,2224,21
E92000001,England,nation,2020-09-11,135,2893,15
E92000001,England,nation,2020-09-10,143,3143,15
E92000001,England,nation,2020-09-09,136,2893,10
E92000001,England,nation,2020-09-08,99,3071,15
E92000001,England,nation,2020-09-07,84,3530,20
E92000001,England,nation,2020-09-06,85,2079,13
E92000001,England,nation,2020-09-05,94,2200,12
E92000001,England,nation,2020-09-04,67,2637,14
E92000001,England,nation,2020-09-03,69,2716,6
E92000001,England,nation,2020-09-02,79,2696,13
E92000001,England,nation,2020-09-01,58,1962,9
E92000001,England,nation,2020-08-31,52,1279,16
E92000001,England,nation,2020-08-30,38,987,8
E92000001,England,nation,2020-08-29,52,1051,8
E92000001,England,nation,2020-08-28,44,1395,11
E92000001,England,nation,2020-08-27,69,1356,11
E92000001,England,nation,2020-08-26,52,1181,15
E92000001,England,nation,2020-08-25,60,1085,19
E92000001,England,nation,2020-08-24,41,1157,8
E92000001,England,nation,2020-08-23,44,704,16
E92000001,England,nation,2020-08-22,25,732,11
E92000001,England,nation,2020-08-21,49,1031,9
E92000001,England,nation,2020-08-20,45,1254,16
E92000001,England,nation,2020-08-19,58,1109,10
E92000001,England,nation,2020-08-18,56,955,11
E92000001,England,nation,2020-08-17,46,1159,19
E92000001,England,nation,2020-08-16,39,534,12
E92000001,England,nation,2020-08-15,38,656,21
E92000001,England,nation,2020-08-14,55,1059,15
E92000001,England,nation,2020-08-13,60,1036,18
E92000001,England,nation,2020-08-12,51,1126,20
E92000001,England,nation,2020-08-11,63,1247,20
E92000001,England,nation,2020-08-10,50,1375,23
E92000001,England,nation,2020-08-09,53,569,18
E92000001,England,nation,2020-08-08,78,648,18
E92000001,England,nation,2020-08-07,60,892,19
E92000001,England,nation,2020-08-06,52,1005,17
E92000001,England,nation,2020-08-05,60,974,7
E92000001,England,nation,2020-08-04,58,965,20
E92000001,England,nation,2020-08-03,74,963,19
E92000001,England,nation,2020-08-02,57,518,15
E92000001,England,nation,2020-08-01,50,508,16
E92000001,England,nation,2020-07-31,55,644,26
E92000001,England,nation,2020-07-30,75,879,14
E92000001,England,nation,2020-07-29,63,994,21
E92000001,England,nation,2020-07-28,69,796,20
E92000001,England,nation,2020-07-27,82,824,16
E92000001,England,nation,2020-07-26,64,518,28
E92000001,England,nation,2020-07-25,65,499,20
E92000001,England,nation,2020-07-24,93,720,17
E92000001,England,nation,2020-07-23,109,741,33
E92000001,England,nation,2020-07-22,82,764,34
E92000001,England,nation,2020-07-21,79,697,30
E92000001,England,nation,2020-07-20,86,769,29
E92000001,England,nation,2020-07-19,72,419,22
E92000001,England,nation,2020-07-18,48,473,28
E92000001,England,nation,2020-07-17,83,548,31
E92000001,England,nation,2020-07-16,114,644,18
E92000001,England,nation,2020-07-15,116,726,39
E92000001,England,nation,2020-07-14,122,661,38
E92000001,England,nation,2020-07-13,137,694,42
E92000001,England,nation,2020-07-12,72,351,29
E92000001,England,nation,2020-07-11,97,433,33
E92000001,England,nation,2020-07-10,104,524,42
E92000001,England,nation,2020-07-09,136,688,56
E92000001,England,nation,2020-07-08,141,682,44
E92000001,England,nation,2020-07-07,148,565,41
E92000001,England,nation,2020-07-06,150,664,48
E92000001,England,nation,2020-07-05,131,544,44
E92000001,England,nation,2020-07-04,120,385,46
E92000001,England,nation,2020-07-03,146,536,45
E92000001,England,nation,2020-07-02,149,561,55
E92000001,England,nation,2020-07-01,201,607,44
E92000001,England,nation,2020-06-30,189,578,71
E92000001,England,nation,2020-06-29,172,666,63
E92000001,England,nation,2020-06-28,155,413,62
E92000001,England,nation,2020-06-27,209,506,61
E92000001,England,nation,2020-06-26,248,640,70
E92000001,England,nation,2020-06-25,256,643,97
E92000001,England,nation,2020-06-24,262,732,93
E92000001,England,nation,2020-06-23,275,727,89
E92000001,England,nation,2020-06-22,318,821,74
E92000001,England,nation,2020-06-21,215,550,67
E92000001,England,nation,2020-06-20,184,626,76
E92000001,England,nation,2020-06-19,253,818,76
E92000001,England,nation,2020-06-18,312,938,79
E92000001,England,nation,2020-06-17,334,914,91
E92000001,England,nation,2020-06-16,354,996,103
E92000001,England,nation,2020-06-15,365,944,92
E92000001,England,nation,2020-06-14,306,752,119
E92000001,England,nation,2020-06-13,265,785,85
E92000001,England,nation,2020-06-12,298,938,122
E92000001,England,nation,2020-06-11,330,915,108
E92000001,England,nation,2020-06-10,402,1086,142
E92000001,England,nation,2020-06-09,397,1066,127
E92000001,England,nation,2020-06-08,348,990,142
E92000001,England,nation,2020-06-07,323,668,137
E92000001,England,nation,2020-06-06,306,723,129
E92000001,England,nation,2020-06-05,380,1020,160
E92000001,England,nation,2020-06-04,458,1147,163
E92000001,England,nation,2020-06-03,491,1251,179
E92000001,England,nation,2020-06-02,553,1365,204
E92000001,England,nation,2020-06-01,522,1319,179
E92000001,England,nation,2020-05-31,446,984,175
E92000001,England,nation,2020-05-30,466,1010,188
E92000001,England,nation,2020-05-29,499,1375,216
E92000001,England,nation,2020-05-28,570,1575,241
E92000001,England,nation,2020-05-27,589,1616,233
E92000001,England,nation,2020-05-26,578,1461,260
E92000001,England,nation,2020-05-25,498,1389,240
E92000001,England,nation,2020-05-24,497,1206,234
E92000001,England,nation,2020-05-23,504,1309,255
E92000001,England,nation,2020-05-22,638,1798,256
E92000001,England,nation,2020-05-21,715,2277,286
E92000001,England,nation,2020-05-20,732,2359,303
E92000001,England,nation,2020-05-19,752,2602,316
E92000001,England,nation,2020-05-18,733,2226,344
E92000001,England,nation,2020-05-17,673,1593,316
E92000001,England,nation,2020-05-16,671,1781,351
E92000001,England,nation,2020-05-15,738,2145,359
E92000001,England,nation,2020-05-14,763,2222,373
E92000001,England,nation,2020-05-13,804,2899,373
E92000001,England,nation,2020-05-12,844,2940,380
E92000001,England,nation,2020-05-11,866,3088,355
E92000001,England,nation,2020-05-10,756,2013,423
E92000001,England,nation,2020-05-09,798,1797,463
E92000001,England,nation,2020-05-08,743,2622,482
E92000001,England,nation,2020-05-07,998,3205,535
E92000001,England,nation,2020-05-06,1040,3264,524
E92000001,England,nation,2020-05-05,959,3148,537
E92000001,England,nation,2020-05-04,1063,2851,562
E92000001,England,nation,2020-05-03,1044,2648,556
E92000001,England,nation,2020-05-02,980,2762,590
E92000001,England,nation,2020-05-01,1081,4109,661
E92000001,England,nation,2020-04-30,1227,4314,660
E92000001,England,nation,2020-04-29,1295,4737,699
E92000001,England,nation,2020-04-28,1296,4113,701
E92000001,England,nation,2020-04-27,1344,4056,724
E92000001,England,nation,2020-04-26,1208,3137,763
E92000001,England,nation,2020-04-25,1080,3381,771
E92000001,England,nation,2020-04-24,1277,4352,874
E92000001,England,nation,2020-04-23,1289,4574,893
E92000001,England,nation,2020-04-22,1310,4812,939
E92000001,England,nation,2020-04-21,1495,3996,916
E92000001,England,nation,2020-04-20,1522,3698,992
E92000001,England,nation,2020-04-19,1475,3494,967
E92000001,England,nation,2020-04-18,1411,4142,1030
E92000001,England,nation,2020-04-17,1674,4088,1107
E92000001,England,nation,2020-04-16,1777,4360,1147
E92000001,England,nation,2020-04-15,1608,4240,1100
E92000001,England,nation,2020-04-14,1859,3568,1080
E92000001,England,nation,2020-04-13,1912,3463,1076
E92000001,England,nation,2020-04-12,1791,2958,1208
E92000001,England,nation,2020-04-11,1955,3085,1203
E92000001,England,nation,2020-04-10,2196,3590,1163
E92000001,England,nation,2020-04-09,2340,4076,1177
E92000001,England,nation,2020-04-08,2619,4315,1286
E92000001,England,nation,2020-04-07,2744,4605,1145
E92000001,England,nation,2020-04-06,2679,4407,1025
E92000001,England,nation,2020-04-05,2592,3094,1063
E92000001,England,nation,2020-04-04,2593,3405,1023
E92000001,England,nation,2020-04-03,2564,4102,927
E92000001,England,nation,2020-04-02,2932,4097,892
E92000001,England,nation,2020-04-01,3099,4150,826
E92000001,England,nation,2020-03-31,2447,3816,741
E92000001,England,nation,2020-03-30,2817,3514,631
E92000001,England,nation,2020-03-29,2186,2449,531
E92000001,England,nation,2020-03-28,1873,2379,449
E92000001,England,nation,2020-03-27,1931,2672,416
E92000001,England,nation,2020-03-26,1639,2633,370
E92000001,England,nation,2020-03-25,1755,2284,299
E92000001,England,nation,2020-03-24,1544,2041,237
E92000001,England,nation,2020-03-23,1128,2010,188
E92000001,England,nation,2020-03-22,859,1212,172
E92000001,England,nation,2020-03-21,777,1040,126
E92000001,England,nation,2020-03-20,691,1096,109
E92000001,England,nation,2020-03-19,586,932,71
E92000001,England,nation,2020-03-18,,910,66
E92000001,England,nation,2020-03-17,,683,54
E92000001,England,nation,2020-03-16,,552,44
E92000001,England,nation,2020-03-15,,398,28
E92000001,England,nation,2020-03-14,,315,19
E92000001,England,nation,2020-03-13,,401,16
E92000001,England,nation,2020-03-12,,421,11
E92000001,England,nation,2020-03-11,,358,7
E92000001,England,nation,2020-03-10,,229,3
E92000001,England,nation,2020-03-09,,127,5
E92000001,England,nation,2020-03-08,,50,2
E92000001,England,nation,2020-03-07,,55,0
E92000001,England,nation,2020-03-06,,74,2
E92000001,England,nation,2020-03-05,,46,2
E92000001,England,nation,2020-03-04,,49,1
E92000001,England,nation,2020-03-03,,52,0
E92000001,England,nation,2020-03-02,,40,1
E92000001,England,nation,2020-03-01,,18,0
E92000001,England,nation,2020-02-29,,4,0
E92000001,England,nation,2020-02-28,,11,0
E92000001,England,nation,2020-02-27,,7,0
E92000001,England,nation,2020-02-26,,1,0
E92000001,England,nation,2020-02-25,,3,0
E92000001,England,nation,2020-02-24,,2,0
E92000001,England,nation,2020-02-23,,6,0
E92000001,England,nation,2020-02-22,,0,1
E92000001,England,nation,2020-02-21,,2,0
E92000001,England,nation,2020-02-20,,0,0
E92000001,England,nation,2020-02-19,,0,0
E92000001,England,nation,2020-02-18,,0,0
E92000001,England,nation,2020-02-17,,1,0
E92000001,England,nation,2020-02-16,,0,0
E92000001,England,nation,2020-02-15,,0,0
E92000001,England,nation,2020-02-14,,0,0
E92000001,England,nation,2020-02-13,,1,0
E92000001,England,nation,2020-02-12,,1,0
E92000001,England,nation,2020-02-11,,4,0
E92000001,England,nation,2020-02-10,,1,0
E92000001,England,nation,2020-02-09,,1,0
E92000001,England,nation,2020-02-08,,3,0
E92000001,England,nation,2020-02-07,,0,0
E92000001,England,nation,2020-02-06,,0,0
E92000001,England,nation,2020-02-05,,1,0
E92000001,England,nation,2020-02-04,,0,0
E92000001,England,nation,2020-02-03,,18,0
E92000001,England,nation,2020-02-02,,1,1
E92000001,England,nation,2020-02-01,,0,0
E92000001,England,nation,2020-01-31,,0,0
E92000001,England,nation,2020-01-30,,1,1
